doc,word
Doc1,freeman
Doc1,moor
Doc1,-
Doc1,smu
Doc1,spring
Doc1,2018
Doc1,spring
Doc1,2018
Doc1,freeman
Doc1,L.
Doc1,"moore,"
Doc1,phd
Doc1,email:
Doc1,fmoore@smu.
Doc1,u
Doc1,spring
Doc1,2018
Doc1,cse
Doc1,5337/7337
Doc1,fall
Doc1,2017
Doc1,cse
Doc1,5330
Doc1,/
Doc1,7330
Doc1,keep
Doc1,look
Doc1,at
Doc1,the
Doc1,cours
Doc1,calendar
Doc1,in
Doc1,for
Doc1,the
Doc1,latest
Doc1,information.
Doc1,spring
Doc1,2018
Doc1,-
Doc1,t/th
Doc1,5:00-6:20
Doc1,caruth
Doc1,379
Doc1,5337
Doc1,syllabu
Doc1,7337
Doc1,syllabu
Doc1,the
Doc1,content
Doc1,of
Doc1,thi
Doc1,web
Doc1,site
Doc1,are
Doc1,the
Doc1,sole
Doc1,respons
Doc1,of
Doc1,dr.
Doc1,freeman
Doc1,moor
Doc1,and
Doc1,do
Doc1,not
Doc1,necessarili
Doc1,repres
Doc1,the
Doc1,opinion
Doc1,or
Doc1,polici
Doc1,of
Doc1,southern
Doc1,methodist
Doc1,university.
Doc1,the
Doc1,administr
Doc1,of
Doc1,thi
Doc1,site
Doc1,is
Doc1,dr.
Doc1,freeman
Doc1,moor
Doc1,who
Doc1,may
Doc1,be
Doc1,contact
Doc1,at
Doc1,fmoore@smu.edu.
link: mailto:fmoore@smu.edu
link: http://lyle.smu.edu
link: http://lyle.smu.edu/~fmoore/index-fall2017.htm
link: schedule.htm
link: CSE5337_syllabus.pdf
link: CSE7337_syllabus.pdf
url https://s2.smu.edu/~fmoore/
Doc2,freeman
Doc2,moor
Doc2,-
Doc2,smu
Doc2,fall
Doc2,2017
Doc2,fall
Doc2,2017
Doc2,freeman
Doc2,L.
Doc2,"moore,"
Doc2,phd
Doc2,email:
Doc2,fmoore@lyle.smu.
Doc2,u
Doc2,fall
Doc2,2017
Doc2,cse
Doc2,5330/7330
Doc2,spring
Doc2,2017
Doc2,cse
Doc2,5337
Doc2,/
Doc2,7337
Doc2,keep
Doc2,look
Doc2,at
Doc2,the
Doc2,cours
Doc2,calendar
Doc2,in
Doc2,for
Doc2,the
Doc2,latest
Doc2,information.
Doc2,fall
Doc2,2017
Doc2,-
Doc2,m/w
Doc2,3:30-4:50
Doc2,caruth
Doc2,183
Doc2,5330
Doc2,syllabu
Doc2,7330
Doc2,syllabu
Doc2,A
Doc2,brief
Doc2,histori
Doc2,of
Doc2,databas
Doc2,system
Doc2,and
Doc2,here
Doc2,is
Doc2,an
Doc2,articl
Doc2,highlight
Doc2,the
Doc2,histori
Doc2,of
Doc2,oracle.
Doc2,the
Doc2,content
Doc2,of
Doc2,thi
Doc2,web
Doc2,site
Doc2,are
Doc2,the
Doc2,sole
Doc2,respons
Doc2,of
Doc2,dr.
Doc2,freeman
Doc2,moor
Doc2,and
Doc2,do
Doc2,not
Doc2,necessarili
Doc2,repres
Doc2,the
Doc2,opinion
Doc2,or
Doc2,polici
Doc2,of
Doc2,southern
Doc2,methodist
Doc2,university.
Doc2,the
Doc2,administr
Doc2,of
Doc2,thi
Doc2,site
Doc2,is
Doc2,dr.
Doc2,freeman
Doc2,moor
Doc2,who
Doc2,may
Doc2,be
Doc2,contact
Doc2,at
Doc2,fmoore@lyle.smu.edu.
link: mailto:fmoore@lyle.smu.edu
link: http://lyle.smu.edu
link: http://lyle.smu.edu/~fmoore/index-final.htm
link: schedule.htm
link: syl_5330.pdf
link: syl_7330.pdf
link: timeline.pdf
link: http://oracle.com.edgesuite.net/timeline/oracle/
url https://s2.smu.edu/~fmoore/index-fall2017.htm
Doc3,freeman
Doc3,moor
Doc3,-
Doc3,smu
Doc3,spring
Doc3,2017
Doc3,spring
Doc3,2017
Doc3,freeman
Doc3,L.
Doc3,"moore,"
Doc3,phd
Doc3,email:
Doc3,fmoore@lyle.smu.edu
Doc3,.
Doc3,fall
Doc3,2016
Doc3,cse
Doc3,5330/7330
Doc3,spring
Doc3,2017
Doc3,-
Doc3,tuesday/thursday
Doc3,5:00
Doc3,-
Doc3,6:20
Doc3,-
Doc3,caruth
Doc3,183
Doc3,cse
Doc3,5337
Doc3,syllabu
Doc3,cse
Doc3,7337
Doc3,syllabu
Doc3,keep
Doc3,look
Doc3,at
Doc3,the
Doc3,tent
Doc3,cours
Doc3,calendar
Doc3,.
Doc3,all
Doc3,cours
Doc3,inform
Doc3,is
Doc3,in
Doc3,canva
Doc3,.
Doc3,the
Doc3,content
Doc3,of
Doc3,thi
Doc3,web
Doc3,site
Doc3,are
Doc3,the
Doc3,sole
Doc3,respons
Doc3,of
Doc3,dr.
Doc3,freeman
Doc3,moor
Doc3,and
Doc3,do
Doc3,not
Doc3,necessarili
Doc3,repres
Doc3,the
Doc3,opinion
Doc3,or
Doc3,polici
Doc3,of
Doc3,southern
Doc3,methodist
Doc3,university.
Doc3,the
Doc3,administr
Doc3,of
Doc3,thi
Doc3,site
Doc3,is
Doc3,dr.
Doc3,freeman
Doc3,moor
Doc3,who
Doc3,may
Doc3,be
Doc3,contact
Doc3,at
Doc3,fmoore@lyle.smu.edu
Doc3,.
link: SMU-CSE-LOGO.gif
link: mailto:fmoore@lyle.smu.edu
link: CSE5337_syllabus.pdf
link: CSE7337_syllabus.pdf
link: schedule.htm
link: https://smu.instructure.com
link: dontgohere/badfile1.html
url https://s2.smu.edu/~fmoore/index-final.htm
